Campaign,Ad Group,Keyword,Match Type,Final URL,Status,Language
Search EN - Costa Caleta,Direct Booking,book apartment tenerife,Exact,https://www.costacaleta.eu/booking,Enabled,EN
Search EN - Costa Caleta,Direct Booking,book apartment tenerife,Phrase,https://www.costacaleta.eu/booking,Enabled,EN
Search EN - Costa Caleta,Direct Booking,tenerife apartment booking,Exact,https://www.costacaleta.eu/booking,Enabled,EN
Search EN - Costa Caleta,Direct Booking,tenerife apartment booking,Phrase,https://www.costacaleta.eu/booking,Enabled,EN
Search EN - Costa Caleta,Direct Booking,book la caleta apartment,Exact,https://www.costacaleta.eu/booking,Enabled,EN
Search EN - Costa Caleta,Direct Booking,book la caleta apartment,Phrase,https://www.costacaleta.eu/booking,Enabled,EN
Search EN - Costa Caleta,Direct Booking,direct booking tenerife apartment,Exact,https://www.costacaleta.eu/booking,Enabled,EN
Search EN - Costa Caleta,Direct Booking,direct booking tenerife apartment,Phrase,https://www.costacaleta.eu/booking,Enabled,EN
Search EN - Costa Caleta,Direct Booking,owner direct apartment tenerife,Exact,https://www.costacaleta.eu/booking,Enabled,EN
Search EN - Costa Caleta,Direct Booking,owner direct apartment tenerife,Phrase,https://www.costacaleta.eu/booking,Enabled,EN
Search EN - Costa Caleta,Direct Booking,holiday apartment tenerife booking,Exact,https://www.costacaleta.eu/booking,Enabled,EN
Search EN - Costa Caleta,Direct Booking,holiday apartment tenerife booking,Phrase,https://www.costacaleta.eu/booking,Enabled,EN
Search EN - Costa Caleta,Direct Booking,book costa adeje apartment,Exact,https://www.costacaleta.eu/booking,Enabled,EN
Search EN - Costa Caleta,Direct Booking,book costa adeje apartment,Phrase,https://www.costacaleta.eu/booking,Enabled,EN
Search EN - Costa Caleta,Direct Booking,no fee apartment booking tenerife,Exact,https://www.costacaleta.eu/booking,Enabled,EN
Search EN - Costa Caleta,Direct Booking,no fee apartment booking tenerife,Phrase,https://www.costacaleta.eu/booking,Enabled,EN
Search EN - Costa Caleta,Location,apartment la caleta tenerife,Exact,https://www.costacaleta.eu/booking,Enabled,EN
Search EN - Costa Caleta,Location,apartment la caleta tenerife,Phrase,https://www.costacaleta.eu/booking,Enabled,EN
Search EN - Costa Caleta,Location,apartment costa adeje,Exact,https://www.costacaleta.eu/booking,Enabled,EN
Search EN - Costa Caleta,Location,apartment costa adeje,Phrase,https://www.costacaleta.eu/booking,Enabled,EN
Search EN - Costa Caleta,Location,holiday rental la caleta,Exact,https://www.costacaleta.eu/booking,Enabled,EN
Search EN - Costa Caleta,Location,holiday rental la caleta,Phrase,https://www.costacaleta.eu/booking,Enabled,EN
Search EN - Costa Caleta,Location,vacation rental adeje,Exact,https://www.costacaleta.eu/booking,Enabled,EN
Search EN - Costa Caleta,Location,vacation rental adeje,Phrase,https://www.costacaleta.eu/booking,Enabled,EN
Search EN - Costa Caleta,Location,sea view apartment tenerife,Exact,https://www.costacaleta.eu/booking,Enabled,EN
Search EN - Costa Caleta,Location,sea view apartment tenerife,Phrase,https://www.costacaleta.eu/booking,Enabled,EN
Search EN - Costa Caleta,Location,apartment near adeje golf,Exact,https://www.costacaleta.eu/booking,Enabled,EN
Search EN - Costa Caleta,Location,apartment near adeje golf,Phrase,https://www.costacaleta.eu/booking,Enabled,EN
Search EN - Costa Caleta,Location,apartment near la caleta beach,Exact,https://www.costacaleta.eu/booking,Enabled,EN
Search EN - Costa Caleta,Location,apartment near la caleta beach,Phrase,https://www.costacaleta.eu/booking,Enabled,EN
Search EN - Costa Caleta,Location,canary islands apartment rental tenerife,Exact,https://www.costacaleta.eu/booking,Enabled,EN
Search EN - Costa Caleta,Location,canary islands apartment rental tenerife,Phrase,https://www.costacaleta.eu/booking,Enabled,EN
Search EN - Costa Caleta,Business Stay,business apartment tenerife,Exact,https://www.costacaleta.eu/booking,Enabled,EN
Search EN - Costa Caleta,Business Stay,business apartment tenerife,Phrase,https://www.costacaleta.eu/booking,Enabled,EN
Search EN - Costa Caleta,Business Stay,corporate housing tenerife,Exact,https://www.costacaleta.eu/booking,Enabled,EN
Search EN - Costa Caleta,Business Stay,corporate housing tenerife,Phrase,https://www.costacaleta.eu/booking,Enabled,EN
Search EN - Costa Caleta,Business Stay,workation apartment tenerife,Exact,https://www.costacaleta.eu/booking,Enabled,EN
Search EN - Costa Caleta,Business Stay,workation apartment tenerife,Phrase,https://www.costacaleta.eu/booking,Enabled,EN
Search EN - Costa Caleta,Business Stay,monthly apartment rental tenerife,Exact,https://www.costacaleta.eu/booking,Enabled,EN
Search EN - Costa Caleta,Business Stay,monthly apartment rental tenerife,Phrase,https://www.costacaleta.eu/booking,Enabled,EN
Search EN - Costa Caleta,Business Stay,long stay apartment adeje,Exact,https://www.costacaleta.eu/booking,Enabled,EN
Search EN - Costa Caleta,Business Stay,long stay apartment adeje,Phrase,https://www.costacaleta.eu/booking,Enabled,EN
Search EN - Costa Caleta,Business Stay,remote work apartment tenerife,Exact,https://www.costacaleta.eu/booking,Enabled,EN
Search EN - Costa Caleta,Business Stay,remote work apartment tenerife,Phrase,https://www.costacaleta.eu/booking,Enabled,EN
Search EN - Costa Caleta,Business Stay,wifi apartment la caleta,Exact,https://www.costacaleta.eu/booking,Enabled,EN
Search EN - Costa Caleta,Business Stay,wifi apartment la caleta,Phrase,https://www.costacaleta.eu/booking,Enabled,EN
Search EN - Costa Caleta,Business Stay,serviced apartment tenerife south,Exact,https://www.costacaleta.eu/booking,Enabled,EN
Search EN - Costa Caleta,Business Stay,serviced apartment tenerife south,Phrase,https://www.costacaleta.eu/booking,Enabled,EN
Search NL - Costa Caleta,Direct Boeken,appartement boeken tenerife,Exact,https://www.costacaleta.eu/nl/booking,Enabled,NL
Search NL - Costa Caleta,Direct Boeken,appartement boeken tenerife,Phrase,https://www.costacaleta.eu/nl/booking,Enabled,NL
Search NL - Costa Caleta,Direct Boeken,appartement huren tenerife,Exact,https://www.costacaleta.eu/nl/booking,Enabled,NL
Search NL - Costa Caleta,Direct Boeken,appartement huren tenerife,Phrase,https://www.costacaleta.eu/nl/booking,Enabled,NL
Search NL - Costa Caleta,Direct Boeken,rechtstreeks boeken tenerife appartement,Exact,https://www.costacaleta.eu/nl/booking,Enabled,NL
Search NL - Costa Caleta,Direct Boeken,rechtstreeks boeken tenerife appartement,Phrase,https://www.costacaleta.eu/nl/booking,Enabled,NL
Search NL - Costa Caleta,Direct Boeken,vakantie appartement tenerife boeken,Exact,https://www.costacaleta.eu/nl/booking,Enabled,NL
Search NL - Costa Caleta,Direct Boeken,vakantie appartement tenerife boeken,Phrase,https://www.costacaleta.eu/nl/booking,Enabled,NL
Search NL - Costa Caleta,Direct Boeken,eigenaar direct appartement tenerife,Exact,https://www.costacaleta.eu/nl/booking,Enabled,NL
Search NL - Costa Caleta,Direct Boeken,eigenaar direct appartement tenerife,Phrase,https://www.costacaleta.eu/nl/booking,Enabled,NL
Search NL - Costa Caleta,Direct Boeken,boeking appartement la caleta,Exact,https://www.costacaleta.eu/nl/booking,Enabled,NL
Search NL - Costa Caleta,Direct Boeken,boeking appartement la caleta,Phrase,https://www.costacaleta.eu/nl/booking,Enabled,NL
Search NL - Costa Caleta,Direct Boeken,appartement costa adeje boeken,Exact,https://www.costacaleta.eu/nl/booking,Enabled,NL
Search NL - Costa Caleta,Direct Boeken,appartement costa adeje boeken,Phrase,https://www.costacaleta.eu/nl/booking,Enabled,NL
Search NL - Costa Caleta,Direct Boeken,zonder kosten boeken tenerife appartement,Exact,https://www.costacaleta.eu/nl/booking,Enabled,NL
Search NL - Costa Caleta,Direct Boeken,zonder kosten boeken tenerife appartement,Phrase,https://www.costacaleta.eu/nl/booking,Enabled,NL
Search NL - Costa Caleta,Locatie,appartement la caleta tenerife,Exact,https://www.costacaleta.eu/nl/booking,Enabled,NL
Search NL - Costa Caleta,Locatie,appartement la caleta tenerife,Phrase,https://www.costacaleta.eu/nl/booking,Enabled,NL
Search NL - Costa Caleta,Locatie,appartement adeje,Exact,https://www.costacaleta.eu/nl/booking,Enabled,NL
Search NL - Costa Caleta,Locatie,appartement adeje,Phrase,https://www.costacaleta.eu/nl/booking,Enabled,NL
Search NL - Costa Caleta,Locatie,vakantieverblijf la caleta,Exact,https://www.costacaleta.eu/nl/booking,Enabled,NL
Search NL - Costa Caleta,Locatie,vakantieverblijf la caleta,Phrase,https://www.costacaleta.eu/nl/booking,Enabled,NL
Search NL - Costa Caleta,Locatie,vakantie appartement adeje,Exact,https://www.costacaleta.eu/nl/booking,Enabled,NL
Search NL - Costa Caleta,Locatie,vakantie appartement adeje,Phrase,https://www.costacaleta.eu/nl/booking,Enabled,NL
Search NL - Costa Caleta,Locatie,appartement met zeezicht tenerife,Exact,https://www.costacaleta.eu/nl/booking,Enabled,NL
Search NL - Costa Caleta,Locatie,appartement met zeezicht tenerife,Phrase,https://www.costacaleta.eu/nl/booking,Enabled,NL
Search NL - Costa Caleta,Locatie,appartement dichtbij adeje golf,Exact,https://www.costacaleta.eu/nl/booking,Enabled,NL
Search NL - Costa Caleta,Locatie,appartement dichtbij adeje golf,Phrase,https://www.costacaleta.eu/nl/booking,Enabled,NL
Search NL - Costa Caleta,Locatie,appartement dichtbij strand la caleta,Exact,https://www.costacaleta.eu/nl/booking,Enabled,NL
Search NL - Costa Caleta,Locatie,appartement dichtbij strand la caleta,Phrase,https://www.costacaleta.eu/nl/booking,Enabled,NL
Search NL - Costa Caleta,Locatie,appartement canarische eilanden tenerife,Exact,https://www.costacaleta.eu/nl/booking,Enabled,NL
Search NL - Costa Caleta,Locatie,appartement canarische eilanden tenerife,Phrase,https://www.costacaleta.eu/nl/booking,Enabled,NL
Search NL - Costa Caleta,Zakelijk verblijf,zakelijk appartement tenerife,Exact,https://www.costacaleta.eu/nl/booking,Enabled,NL
Search NL - Costa Caleta,Zakelijk verblijf,zakelijk appartement tenerife,Phrase,https://www.costacaleta.eu/nl/booking,Enabled,NL
Search NL - Costa Caleta,Zakelijk verblijf,business apartment tenerife,Exact,https://www.costacaleta.eu/nl/booking,Enabled,NL
Search NL - Costa Caleta,Zakelijk verblijf,business apartment tenerife,Phrase,https://www.costacaleta.eu/nl/booking,Enabled,NL
Search NL - Costa Caleta,Zakelijk verblijf,werkverblijf tenerife,Exact,https://www.costacaleta.eu/nl/booking,Enabled,NL
Search NL - Costa Caleta,Zakelijk verblijf,werkverblijf tenerife,Phrase,https://www.costacaleta.eu/nl/booking,Enabled,NL
Search NL - Costa Caleta,Zakelijk verblijf,maandverblijf appartement tenerife,Exact,https://www.costacaleta.eu/nl/booking,Enabled,NL
Search NL - Costa Caleta,Zakelijk verblijf,maandverblijf appartement tenerife,Phrase,https://www.costacaleta.eu/nl/booking,Enabled,NL
Search NL - Costa Caleta,Zakelijk verblijf,lange termijn appartement adeje,Exact,https://www.costacaleta.eu/nl/booking,Enabled,NL
Search NL - Costa Caleta,Zakelijk verblijf,lange termijn appartement adeje,Phrase,https://www.costacaleta.eu/nl/booking,Enabled,NL
Search NL - Costa Caleta,Zakelijk verblijf,remote werken tenerife appartement,Exact,https://www.costacaleta.eu/nl/booking,Enabled,NL
Search NL - Costa Caleta,Zakelijk verblijf,remote werken tenerife appartement,Phrase,https://www.costacaleta.eu/nl/booking,Enabled,NL
Search NL - Costa Caleta,Zakelijk verblijf,wifi appartement la caleta,Exact,https://www.costacaleta.eu/nl/booking,Enabled,NL
Search NL - Costa Caleta,Zakelijk verblijf,wifi appartement la caleta,Phrase,https://www.costacaleta.eu/nl/booking,Enabled,NL
Search NL - Costa Caleta,Zakelijk verblijf,gemeubileerd appartement tenerife zuid,Exact,https://www.costacaleta.eu/nl/booking,Enabled,NL
Search NL - Costa Caleta,Zakelijk verblijf,gemeubileerd appartement tenerife zuid,Phrase,https://www.costacaleta.eu/nl/booking,Enabled,NL
Search ES - Costa Caleta,Reserva directa,reservar apartamento tenerife,Exact,https://www.costacaleta.eu/es/booking,Enabled,ES
Search ES - Costa Caleta,Reserva directa,reservar apartamento tenerife,Phrase,https://www.costacaleta.eu/es/booking,Enabled,ES
Search ES - Costa Caleta,Reserva directa,alquiler apartamento tenerife,Exact,https://www.costacaleta.eu/es/booking,Enabled,ES
Search ES - Costa Caleta,Reserva directa,alquiler apartamento tenerife,Phrase,https://www.costacaleta.eu/es/booking,Enabled,ES
Search ES - Costa Caleta,Reserva directa,reserva directa apartamento tenerife,Exact,https://www.costacaleta.eu/es/booking,Enabled,ES
Search ES - Costa Caleta,Reserva directa,reserva directa apartamento tenerife,Phrase,https://www.costacaleta.eu/es/booking,Enabled,ES
Search ES - Costa Caleta,Reserva directa,apartamento vacacional tenerife reservar,Exact,https://www.costacaleta.eu/es/booking,Enabled,ES
Search ES - Costa Caleta,Reserva directa,apartamento vacacional tenerife reservar,Phrase,https://www.costacaleta.eu/es/booking,Enabled,ES
Search ES - Costa Caleta,Reserva directa,alquiler directo propietaria tenerife,Exact,https://www.costacaleta.eu/es/booking,Enabled,ES
Search ES - Costa Caleta,Reserva directa,alquiler directo propietaria tenerife,Phrase,https://www.costacaleta.eu/es/booking,Enabled,ES
Search ES - Costa Caleta,Reserva directa,reserva apartamento la caleta,Exact,https://www.costacaleta.eu/es/booking,Enabled,ES
Search ES - Costa Caleta,Reserva directa,reserva apartamento la caleta,Phrase,https://www.costacaleta.eu/es/booking,Enabled,ES
Search ES - Costa Caleta,Reserva directa,reservar apartamento costa adeje,Exact,https://www.costacaleta.eu/es/booking,Enabled,ES
Search ES - Costa Caleta,Reserva directa,reservar apartamento costa adeje,Phrase,https://www.costacaleta.eu/es/booking,Enabled,ES
Search ES - Costa Caleta,Reserva directa,reserva sin comision tenerife apartamento,Exact,https://www.costacaleta.eu/es/booking,Enabled,ES
Search ES - Costa Caleta,Reserva directa,reserva sin comision tenerife apartamento,Phrase,https://www.costacaleta.eu/es/booking,Enabled,ES
Search ES - Costa Caleta,Ubicacion,apartamento la caleta tenerife,Exact,https://www.costacaleta.eu/es/booking,Enabled,ES
Search ES - Costa Caleta,Ubicacion,apartamento la caleta tenerife,Phrase,https://www.costacaleta.eu/es/booking,Enabled,ES
Search ES - Costa Caleta,Ubicacion,apartamento costa adeje,Exact,https://www.costacaleta.eu/es/booking,Enabled,ES
Search ES - Costa Caleta,Ubicacion,apartamento costa adeje,Phrase,https://www.costacaleta.eu/es/booking,Enabled,ES
Search ES - Costa Caleta,Ubicacion,alquiler vacacional la caleta,Exact,https://www.costacaleta.eu/es/booking,Enabled,ES
Search ES - Costa Caleta,Ubicacion,alquiler vacacional la caleta,Phrase,https://www.costacaleta.eu/es/booking,Enabled,ES
Search ES - Costa Caleta,Ubicacion,apartamento vacacional adeje,Exact,https://www.costacaleta.eu/es/booking,Enabled,ES
Search ES - Costa Caleta,Ubicacion,apartamento vacacional adeje,Phrase,https://www.costacaleta.eu/es/booking,Enabled,ES
Search ES - Costa Caleta,Ubicacion,apartamento con vistas al mar tenerife,Exact,https://www.costacaleta.eu/es/booking,Enabled,ES
Search ES - Costa Caleta,Ubicacion,apartamento con vistas al mar tenerife,Phrase,https://www.costacaleta.eu/es/booking,Enabled,ES
Search ES - Costa Caleta,Ubicacion,apartamento cerca adeje golf,Exact,https://www.costacaleta.eu/es/booking,Enabled,ES
Search ES - Costa Caleta,Ubicacion,apartamento cerca adeje golf,Phrase,https://www.costacaleta.eu/es/booking,Enabled,ES
Search ES - Costa Caleta,Ubicacion,apartamento cerca playa la caleta,Exact,https://www.costacaleta.eu/es/booking,Enabled,ES
Search ES - Costa Caleta,Ubicacion,apartamento cerca playa la caleta,Phrase,https://www.costacaleta.eu/es/booking,Enabled,ES
Search ES - Costa Caleta,Ubicacion,alquiler islas canarias tenerife apartamento,Exact,https://www.costacaleta.eu/es/booking,Enabled,ES
Search ES - Costa Caleta,Ubicacion,alquiler islas canarias tenerife apartamento,Phrase,https://www.costacaleta.eu/es/booking,Enabled,ES
Search ES - Costa Caleta,Estancia de trabajo,apartamento negocios tenerife,Exact,https://www.costacaleta.eu/es/booking,Enabled,ES
Search ES - Costa Caleta,Estancia de trabajo,apartamento negocios tenerife,Phrase,https://www.costacaleta.eu/es/booking,Enabled,ES
Search ES - Costa Caleta,Estancia de trabajo,alojamiento corporativo tenerife,Exact,https://www.costacaleta.eu/es/booking,Enabled,ES
Search ES - Costa Caleta,Estancia de trabajo,alojamiento corporativo tenerife,Phrase,https://www.costacaleta.eu/es/booking,Enabled,ES
Search ES - Costa Caleta,Estancia de trabajo,apartamento workation tenerife,Exact,https://www.costacaleta.eu/es/booking,Enabled,ES
Search ES - Costa Caleta,Estancia de trabajo,apartamento workation tenerife,Phrase,https://www.costacaleta.eu/es/booking,Enabled,ES
Search ES - Costa Caleta,Estancia de trabajo,alquiler mensual apartamento tenerife,Exact,https://www.costacaleta.eu/es/booking,Enabled,ES
Search ES - Costa Caleta,Estancia de trabajo,alquiler mensual apartamento tenerife,Phrase,https://www.costacaleta.eu/es/booking,Enabled,ES
Search ES - Costa Caleta,Estancia de trabajo,larga estancia apartamento adeje,Exact,https://www.costacaleta.eu/es/booking,Enabled,ES
Search ES - Costa Caleta,Estancia de trabajo,larga estancia apartamento adeje,Phrase,https://www.costacaleta.eu/es/booking,Enabled,ES
Search ES - Costa Caleta,Estancia de trabajo,apartamento teletrabajo tenerife,Exact,https://www.costacaleta.eu/es/booking,Enabled,ES
Search ES - Costa Caleta,Estancia de trabajo,apartamento teletrabajo tenerife,Phrase,https://www.costacaleta.eu/es/booking,Enabled,ES
Search ES - Costa Caleta,Estancia de trabajo,apartamento con wifi la caleta,Exact,https://www.costacaleta.eu/es/booking,Enabled,ES
Search ES - Costa Caleta,Estancia de trabajo,apartamento con wifi la caleta,Phrase,https://www.costacaleta.eu/es/booking,Enabled,ES
Search ES - Costa Caleta,Estancia de trabajo,apartamento amueblado tenerife sur,Exact,https://www.costacaleta.eu/es/booking,Enabled,ES
Search ES - Costa Caleta,Estancia de trabajo,apartamento amueblado tenerife sur,Phrase,https://www.costacaleta.eu/es/booking,Enabled,ES
